{"cameraMode":{"drawMode":0,"name":"Shaded","section":"Shading Mode"},"sceneLighting":true,"audioPlay":false,"sceneViewState":{"m_AlwaysRefresh":false,"showFog":true,"showSkybox":true,"showFlares":true,"showImageEffects":true,"showParticleSystems":true,"showVisualEffectGraphs":true,"m_FxEnabled":true},"in2DMode":false,"pivot":{"x":53.69549560546875,"y":30.101306915283204,"z":292.11285400390627},"rotation":{"x":0.10534656047821045,"y":-0.5091214776039124,"z":0.06302998214960098,"w":0.8526479601860046},"size":4.259532451629639,"orthographic":false}